Date,Name,Year,Letterboxd URI,Rating
2024-12-25,Warm Bodies,Unknown,https://letterboxd.com/film/warm-bodies/
2024-12-25,Now You See Me,Unknown,https://letterboxd.com/film/now-you-see-me/
2024-12-25,Blackfish,Unknown,https://letterboxd.com/film/blackfish/
2024-12-25,The Perks of Being a Wallflower,Unknown,https://letterboxd.com/film/the-perks-of-being-a-wallflower/
2024-12-25,"Batman: The Dark Knight Returns, Part 2",Unknown,https://letterboxd.com/film/batman-the-dark-knight-returns-part-2/
2024-12-25,The Purge,Unknown,https://letterboxd.com/film/the-purge/
2024-12-25,Hansel & Gretel: Witch Hunters,Unknown,https://letterboxd.com/film/hansel-gretel-witch-hunters/
2024-12-25,Dredd,Unknown,https://letterboxd.com/film/dredd/
2024-12-25,Hotel Transylvania,Unknown,https://letterboxd.com/film/hotel-transylvania/
2024-12-25,Fast & Furious 6,Unknown,https://letterboxd.com/film/fast-furious-6/
2024-12-25,Silent Hill: Revelation 3D,Unknown,https://letterboxd.com/film/silent-hill-revelation-3d/
2024-12-25,World War Z,Unknown,https://letterboxd.com/film/world-war-z/
2024-12-25,The Conjuring,Unknown,https://letterboxd.com/film/the-conjuring/
2024-12-25,Zero Dark Thirty,Unknown,https://letterboxd.com/film/zero-dark-thirty/
2024-12-25,About Time,Unknown,https://letterboxd.com/film/about-time/
2024-12-25,Oz the Great and Powerful,Unknown,https://letterboxd.com/film/oz-the-great-and-powerful/
2024-12-25,The Call,Unknown,https://letterboxd.com/film/the-call-2013/
2024-12-25,Despicable Me 2,Unknown,https://letterboxd.com/film/despicable-me-2/
2024-12-25,The Imposter,Unknown,https://letterboxd.com/film/the-imposter-2012/
2024-12-25,Skyfall,Unknown,https://letterboxd.com/film/skyfall/
2024-12-25,ATM,Unknown,https://letterboxd.com/film/atm/
2024-12-25,Side Effects,Unknown,https://letterboxd.com/film/side-effects-2013/
2024-12-25,Room 237,Unknown,https://letterboxd.com/film/room-237/
2024-12-25,The Master,Unknown,https://letterboxd.com/film/the-master-2012/
2024-12-25,Savages,Unknown,https://letterboxd.com/film/savages-2012/
2024-12-25,The Amazing Spider-Man,Unknown,https://letterboxd.com/film/the-amazing-spider-man/
2024-12-25,"Batman: The Dark Knight Returns, Part 1",Unknown,https://letterboxd.com/film/batman-the-dark-knight-returns-part-1/
2024-12-25,Safety Not Guaranteed,Unknown,https://letterboxd.com/film/safety-not-guaranteed/
2024-12-25,Sinister,Unknown,https://letterboxd.com/film/sinister/
2024-12-25,Red Lights,Unknown,https://letterboxd.com/film/red-lights-2012/
2024-12-25,Batman: Year One,Unknown,https://letterboxd.com/film/batman-year-one/
2024-12-25,Dark Shadows,Unknown,https://letterboxd.com/film/dark-shadows/
2024-12-25,Paranormal Activity 3,Unknown,https://letterboxd.com/film/paranormal-activity-3/
2024-12-25,The Cabin in the Woods,Unknown,https://letterboxd.com/film/the-cabin-in-the-woods/
2024-12-25,Derren Brown: Miracles for Sale,Unknown,https://letterboxd.com/film/derren-brown-miracles-for-sale/
2024-12-25,21 Jump Street,Unknown,https://letterboxd.com/film/21-jump-street/
2024-12-25,In Time,Unknown,https://letterboxd.com/film/in-time/
2024-12-25,Final Destination 5,Unknown,https://letterboxd.com/film/final-destination-5/
2024-12-25,The Hunger Games,Unknown,https://letterboxd.com/film/the-hunger-games/
2024-12-25,The Awakening,Unknown,https://letterboxd.com/film/the-awakening-2011/
2024-12-25,You're Next,Unknown,https://letterboxd.com/film/youre-next/
2024-12-25,Horrible Bosses,Unknown,https://letterboxd.com/film/horrible-bosses/
2024-12-25,Conan the Barbarian,Unknown,https://letterboxd.com/film/conan-the-barbarian-2011/
2024-12-25,The Tree of Life,Unknown,https://letterboxd.com/film/the-tree-of-life-2011/
2024-12-25,Scream 4,Unknown,https://letterboxd.com/film/scream-4/
2024-12-25,Tower Heist,Unknown,https://letterboxd.com/film/tower-heist/
2024-12-25,We Need to Talk About Kevin,Unknown,https://letterboxd.com/film/we-need-to-talk-about-kevin/
2024-12-25,The Dark Knight Rises,Unknown,https://letterboxd.com/film/the-dark-knight-rises/
2024-12-25,Rise of the Planet of the Apes,Unknown,https://letterboxd.com/film/rise-of-the-planet-of-the-apes/
2024-12-25,Just Go with It,Unknown,https://letterboxd.com/film/just-go-with-it/
2024-12-25,Beyond the Black Rainbow,Unknown,https://letterboxd.com/film/beyond-the-black-rainbow/
2024-12-25,Cars 2,Unknown,https://letterboxd.com/film/cars-2/
2024-12-25,Source Code,Unknown,https://letterboxd.com/film/source-code/
2024-12-25,Fast Five,Unknown,https://letterboxd.com/film/fast-five/
2024-12-25,Sound of My Voice,Unknown,https://letterboxd.com/film/sound-of-my-voice/
2024-12-25,Another Earth,Unknown,https://letterboxd.com/film/another-earth/
2024-12-25,Paul,Unknown,https://letterboxd.com/film/paul-2011/
2024-12-25,Martha Marcy May Marlene,Unknown,https://letterboxd.com/film/martha-marcy-may-marlene/
2024-12-25,Take Shelter,Unknown,https://letterboxd.com/film/take-shelter/
2024-12-25,Limitless,Unknown,https://letterboxd.com/film/limitless/
2024-12-25,Scooby-Doo! Camp Scare,Unknown,https://letterboxd.com/film/scooby-doo-camp-scare/
2024-12-25,Paranormal Activity 2,Unknown,https://letterboxd.com/film/paranormal-activity-2/
2024-12-25,Troll Hunter,Unknown,https://letterboxd.com/film/troll-hunter/
2024-12-25,Megadeth - Rust in Peace Live,Unknown,https://letterboxd.com/film/megadeth-rust-in-peace-live/
2024-12-25,Melancholia,Unknown,https://letterboxd.com/film/melancholia/
2024-12-25,Devil,Unknown,https://letterboxd.com/film/devil/
2024-12-25,Batman: Under the Red Hood,Unknown,https://letterboxd.com/film/batman-under-the-red-hood/
2024-12-25,Insidious,Unknown,https://letterboxd.com/film/insidious/
2024-12-25,Salt,Unknown,https://letterboxd.com/film/salt-2010/
2024-12-25,Over the Garden Wall,Unknown,https://letterboxd.com/film/over-the-garden-wall-2014/
2024-12-25,The Lobster,Unknown,https://letterboxd.com/film/the-lobster/
2024-12-25,The Invitation,Unknown,https://letterboxd.com/film/the-invitation-2015/
2024-12-25,Going Clear: Scientology and the Prison of Belief,Unknown,https://letterboxd.com/film/going-clear-scientology-and-the-prison-of-belief/
2024-12-25,Black Swan,Unknown,https://letterboxd.com/film/black-swan/
2024-12-25,Inside Out,Unknown,https://letterboxd.com/film/inside-out-2015/
2024-12-25,Scott Pilgrim vs. the World,Unknown,https://letterboxd.com/film/scott-pilgrim-vs-the-world/
2024-12-25,They Look Like People,Unknown,https://letterboxd.com/film/they-look-like-people/
2024-12-25,Ouija,Unknown,https://letterboxd.com/film/ouija/
2024-12-25,Ex Machina,Unknown,https://letterboxd.com/film/ex-machina-2015/
2024-12-25,Derren Brown: Infamous,Unknown,https://letterboxd.com/film/derren-brown-infamous/
2024-12-25,Citizenfour,Unknown,https://letterboxd.com/film/citizenfour/
2024-12-25,Furious 7,Unknown,https://letterboxd.com/film/furious-7/
2024-12-25,Stonehearst Asylum,Unknown,https://letterboxd.com/film/stonehearst-asylum/
2024-12-25,Inception,Unknown,https://letterboxd.com/film/inception/
2024-12-25,Mad Max: Fury Road,Unknown,https://letterboxd.com/film/mad-max-fury-road/
2024-12-25,Fury,Unknown,https://letterboxd.com/film/fury-2014/
2024-12-25,American Sniper,Unknown,https://letterboxd.com/film/american-sniper/
2024-12-25,A Walk Among the Tombstones,Unknown,https://letterboxd.com/film/a-walk-among-the-tombstones/
2024-12-25,Gone Girl,Unknown,https://letterboxd.com/film/gone-girl/
2024-12-25,The Internet's Own Boy: The Story of Aaron Swartz,Unknown,https://letterboxd.com/film/the-internets-own-boy-the-story-of-aaron-swartz/
2024-12-25,Interstellar,Unknown,https://letterboxd.com/film/interstellar/
2024-12-25,"As Above, So Below",Unknown,https://letterboxd.com/film/as-above-so-below-2014/
2024-12-25,Sin City: A Dame to Kill For,Unknown,https://letterboxd.com/film/sin-city-a-dame-to-kill-for/
2024-12-25,The Maze Runner,Unknown,https://letterboxd.com/film/the-maze-runner/
2024-12-25,If I Stay,Unknown,https://letterboxd.com/film/if-i-stay/
2024-12-25,John Wick,Unknown,https://letterboxd.com/film/john-wick/
2024-12-25,Before I Go to Sleep,Unknown,https://letterboxd.com/film/before-i-go-to-sleep/
2024-12-25,Nightcrawler,Unknown,https://letterboxd.com/film/nightcrawler/
2024-12-25,Lucy,Unknown,https://letterboxd.com/film/lucy-2014/
2024-12-25,Unfriended,Unknown,https://letterboxd.com/film/unfriended/
2024-12-25,The Cobbler,Unknown,https://letterboxd.com/film/the-cobbler-2014/
2024-12-25,Time Lapse,Unknown,https://letterboxd.com/film/time-lapse-2014/
2024-12-25,22 Jump Street,Unknown,https://letterboxd.com/film/22-jump-street/
2024-12-25,Teenage Mutant Ninja Turtles,Unknown,https://letterboxd.com/film/teenage-mutant-ninja-turtles-2014/
2024-12-25,Guardians of the Galaxy,Unknown,https://letterboxd.com/film/guardians-of-the-galaxy/
2024-12-25,Scooby-Doo! WrestleMania Mystery,Unknown,https://letterboxd.com/film/scooby-doo-wrestlemania-mystery/
2024-12-25,Foxcatcher,Unknown,https://letterboxd.com/film/foxcatcher/
2024-12-25,Transcendence,Unknown,https://letterboxd.com/film/transcendence/
2024-12-25,Faults,Unknown,https://letterboxd.com/film/faults/
2024-12-25,Dawn of the Planet of the Apes,Unknown,https://letterboxd.com/film/dawn-of-the-planet-of-the-apes/
2024-12-25,Maleficent,Unknown,https://letterboxd.com/film/maleficent/
2024-12-25,The Signal,Unknown,https://letterboxd.com/film/the-signal-2014/
2024-12-25,Predestination,Unknown,https://letterboxd.com/film/predestination/
2024-12-25,Creep,Unknown,https://letterboxd.com/film/creep-2014/
2024-12-25,The One I Love,Unknown,https://letterboxd.com/film/the-one-i-love-2014/
2024-12-25,What We Do in the Shadows,Unknown,https://letterboxd.com/film/what-we-do-in-the-shadows/
2024-12-25,Derren Brown: The Great Art Robbery,Unknown,https://letterboxd.com/film/derren-brown-the-great-art-robbery/
2024-12-25,The Lego Movie,Unknown,https://letterboxd.com/film/the-lego-movie/
2024-12-25,RoboCop,Unknown,https://letterboxd.com/film/robocop-2014/
2024-12-25,The Captive,Unknown,https://letterboxd.com/film/the-captive-2014/
2024-12-25,The Equalizer,Unknown,https://letterboxd.com/film/the-equalizer/
2024-12-25,The Guest,Unknown,https://letterboxd.com/film/the-guest-2014/
2024-12-25,Frozen,Unknown,https://letterboxd.com/film/frozen-2013/
2024-12-25,Out of the Furnace,Unknown,https://letterboxd.com/film/out-of-the-furnace/
2024-12-25,September 11: The New Pearl Harbor,Unknown,https://letterboxd.com/film/september-11-the-new-pearl-harbor/
2024-12-25,Metallica: Through the Never,Unknown,https://letterboxd.com/film/metallica-through-the-never/
2024-12-25,Locke,Unknown,https://letterboxd.com/film/locke/
2024-12-25,Oculus,Unknown,https://letterboxd.com/film/oculus/
2024-12-25,The Wolf of Wall Street,Unknown,https://letterboxd.com/film/the-wolf-of-wall-street/
2024-12-25,American Hustle,Unknown,https://letterboxd.com/film/american-hustle/
2024-12-25,The Hunger Games: Catching Fire,Unknown,https://letterboxd.com/film/the-hunger-games-catching-fire/
2024-12-25,The Babadook,Unknown,https://letterboxd.com/film/the-babadook/
2024-12-25,Enemy,Unknown,https://letterboxd.com/film/enemy/
2024-12-25,Insidious: Chapter 2,Unknown,https://letterboxd.com/film/insidious-chapter-2/
2024-12-25,Whiplash,Unknown,https://letterboxd.com/film/whiplash-2014/
2024-12-25,Prisoners,Unknown,https://letterboxd.com/film/prisoners/
2024-12-25,Under the Skin,Unknown,https://letterboxd.com/film/under-the-skin-2013/
2024-12-25,Her,Unknown,https://letterboxd.com/film/her/
2024-12-25,Carrie,Unknown,https://letterboxd.com/film/carrie-2013/
2024-12-25,We're the Millers,Unknown,https://letterboxd.com/film/were-the-millers/
2024-12-25,Grown Ups 2,Unknown,https://letterboxd.com/film/grown-ups-2/
2024-12-25,Kiss the Girls,Unknown,https://letterboxd.com/film/kiss-the-girls/
2024-12-25,"Honey, We Shrunk Ourselves",Unknown,https://letterboxd.com/film/honey-we-shrunk-ourselves/
2024-12-25,Cube,Unknown,https://letterboxd.com/film/cube/
2024-12-25,Face/Off,Unknown,https://letterboxd.com/film/face-off/
2024-12-25,Gattaca,Unknown,https://letterboxd.com/film/gattaca/
2024-12-25,Gravity,Unknown,https://letterboxd.com/film/gravity-2013/
2024-12-25,Conspiracy Theory,Unknown,https://letterboxd.com/film/conspiracy-theory/
2024-12-25,Austin Powers: International Man of Mystery,Unknown,https://letterboxd.com/film/austin-powers-international-man-of-mystery/
2024-12-25,Coherence,Unknown,https://letterboxd.com/film/coherence/
2024-12-25,Kick-Ass 2,Unknown,https://letterboxd.com/film/kick-ass-2/
2024-12-25,The Game,Unknown,https://letterboxd.com/film/the-game/
2024-12-25,Contact,Unknown,https://letterboxd.com/film/contact/
2024-12-25,Con Air,Unknown,https://letterboxd.com/film/con-air/
2024-12-25,The Devil's Advocate,Unknown,https://letterboxd.com/film/the-devils-advocate/
2024-12-25,Men in Black,Unknown,https://letterboxd.com/film/men-in-black/
2024-12-25,Batman & Robin,Unknown,https://letterboxd.com/film/batman-robin/
2024-12-25,Beavis and Butt-Head Do America,Unknown,https://letterboxd.com/film/beavis-and-butt-head-do-america/
2024-12-25,Scream,Unknown,https://letterboxd.com/film/scream/
2024-12-25,Chasing Amy,Unknown,https://letterboxd.com/film/chasing-amy/
2024-12-25,Liar Liar,Unknown,https://letterboxd.com/film/liar-liar/
2024-12-25,The Nutty Professor,Unknown,https://letterboxd.com/film/the-nutty-professor-1996/
2024-12-25,Primal Fear,Unknown,https://letterboxd.com/film/primal-fear/
2024-12-25,The Fifth Element,Unknown,https://letterboxd.com/film/the-fifth-element/
2024-12-25,Judge Dredd,Unknown,https://letterboxd.com/film/judge-dredd/
2024-12-25,From Dusk Till Dawn,Unknown,https://letterboxd.com/film/from-dusk-till-dawn/
2024-12-25,Clueless,Unknown,https://letterboxd.com/film/clueless/
2024-12-25,Jumanji,Unknown,https://letterboxd.com/film/jumanji/
2024-12-25,Halloween: The Curse of Michael Myers,Unknown,https://letterboxd.com/film/halloween-the-curse-of-michael-myers/
2024-12-25,A Goofy Movie,Unknown,https://letterboxd.com/film/a-goofy-movie/
2024-12-25,Se7en,Unknown,https://letterboxd.com/film/se7en/
2024-12-25,Casper,Unknown,https://letterboxd.com/film/casper/
2024-12-25,Twelve Monkeys,Unknown,https://letterboxd.com/film/twelve-monkeys/
2024-12-25,Billy Madison,Unknown,https://letterboxd.com/film/billy-madison/
2024-12-25,Independence Day,Unknown,https://letterboxd.com/film/independence-day/
2024-12-25,The Twilight Zone: Rod Serling's Lost Classics,Unknown,https://letterboxd.com/film/the-twilight-zone-rod-serlings-lost-classics/
2024-12-25,New Nightmare,Unknown,https://letterboxd.com/film/new-nightmare/
2024-12-25,Batman Forever,Unknown,https://letterboxd.com/film/batman-forever/
2024-12-25,The Usual Suspects,Unknown,https://letterboxd.com/film/the-usual-suspects/
2024-12-25,The Mask,Unknown,https://letterboxd.com/film/the-mask-1994/
2024-12-25,Braveheart,Unknown,https://letterboxd.com/film/braveheart/
2024-12-25,Quiz Show,Unknown,https://letterboxd.com/film/quiz-show/
2024-12-25,Interview with the Vampire,Unknown,https://letterboxd.com/film/interview-with-the-vampire/
2024-12-25,Addams Family Values,Unknown,https://letterboxd.com/film/addams-family-values/
2024-12-25,Toy Story,Unknown,https://letterboxd.com/film/toy-story/
2024-12-25,Street Fighter,Unknown,https://letterboxd.com/film/street-fighter/
2024-12-25,The Shawshank Redemption,Unknown,https://letterboxd.com/film/the-shawshank-redemption/
2024-12-25,Clerks,Unknown,https://letterboxd.com/film/clerks/
2024-12-25,Batman: Mask of the Phantasm,Unknown,https://letterboxd.com/film/batman-mask-of-the-phantasm/
2024-12-25,The Crow,Unknown,https://letterboxd.com/film/the-crow/
2024-12-25,Ace Ventura: Pet Detective,Unknown,https://letterboxd.com/film/ace-ventura-pet-detective/
2024-12-25,Falling Down,Unknown,https://letterboxd.com/film/falling-down/
2024-12-25,Jurassic Park,Unknown,https://letterboxd.com/film/jurassic-park/
2024-12-25,Home Alone 2: Lost in New York,Unknown,https://letterboxd.com/film/home-alone-2-lost-in-new-york/
2024-12-25,Hocus Pocus,Unknown,https://letterboxd.com/film/hocus-pocus/
2024-12-25,The Nightmare Before Christmas,Unknown,https://letterboxd.com/film/the-nightmare-before-christmas/
2024-12-25,Beverly Hills Cop III,Unknown,https://letterboxd.com/film/beverly-hills-cop-iii/
2024-12-25,Pulp Fiction,Unknown,https://letterboxd.com/film/pulp-fiction/
2024-12-25,Batman Returns,Unknown,https://letterboxd.com/film/batman-returns/
2024-12-25,The Pelican Brief,Unknown,https://letterboxd.com/film/the-pelican-brief/
2024-12-25,Alien³,Unknown,https://letterboxd.com/film/alien-3/
2024-12-25,Forrest Gump,Unknown,https://letterboxd.com/film/forrest-gump/
2024-12-25,Groundhog Day,Unknown,https://letterboxd.com/film/groundhog-day/
2024-12-25,The Lawnmower Man,Unknown,https://letterboxd.com/film/the-lawnmower-man/
2024-12-25,Mrs. Doubtfire,Unknown,https://letterboxd.com/film/mrs-doubtfire/
2024-12-25,A Few Good Men,Unknown,https://letterboxd.com/film/a-few-good-men/
2024-12-25,Romper Stomper,Unknown,https://letterboxd.com/film/romper-stomper/
2024-12-25,Aladdin,Unknown,https://letterboxd.com/film/aladdin/
2024-12-25,Basic Instinct,Unknown,https://letterboxd.com/film/basic-instinct/
2024-12-25,Bill & Ted's Bogus Journey,Unknown,https://letterboxd.com/film/bill-teds-bogus-journey/
2024-12-25,Freddy's Dead: The Final Nightmare,Unknown,https://letterboxd.com/film/freddys-dead-the-final-nightmare/
2024-12-25,The Addams Family,Unknown,https://letterboxd.com/film/the-addams-family/
2024-12-25,JFK,Unknown,https://letterboxd.com/film/jfk/
2024-12-25,Rocky Balboa,Unknown,https://letterboxd.com/film/rocky-balboa/
2024-12-25,Dreamgirls,Unknown,https://letterboxd.com/film/dreamgirls/
2024-12-25,Ghost Rider,Unknown,https://letterboxd.com/film/ghost-rider/
2024-12-25,The Number 23,Unknown,https://letterboxd.com/film/the-number-23/
2024-12-25,Hollywoodland,Unknown,https://letterboxd.com/film/hollywoodland/
2024-12-25,Reservoir Dogs,Unknown,https://letterboxd.com/film/reservoir-dogs/
2024-12-25,Double Impact,Unknown,https://letterboxd.com/film/double-impact/
2024-12-25,Idiocracy,Unknown,https://letterboxd.com/film/idiocracy/
2024-12-25,Blood Diamond,Unknown,https://letterboxd.com/film/blood-diamond/
2024-12-25,The Butterfly Effect 2,Unknown,https://letterboxd.com/film/the-butterfly-effect-2/
2024-12-25,The Fountain,Unknown,https://letterboxd.com/film/the-fountain/
2024-12-25,Cape Fear,Unknown,https://letterboxd.com/film/cape-fear-1991/
2024-12-25,Crank,Unknown,https://letterboxd.com/film/crank/
2024-12-25,Apocalypto,Unknown,https://letterboxd.com/film/apocalypto/
2024-12-25,The Wicker Man,Unknown,https://letterboxd.com/film/the-wicker-man-2006/
2024-12-25,Kill Bill: The Whole Bloody Affair,Unknown,https://letterboxd.com/film/kill-bill-the-whole-bloody-affair/
2024-12-25,Clerks II,Unknown,https://letterboxd.com/film/clerks-ii/
2024-12-25,The Prestige,Unknown,https://letterboxd.com/film/the-prestige/
2024-12-25,The Fast and the Furious: Tokyo Drift,Unknown,https://letterboxd.com/film/the-fast-and-the-furious-tokyo-drift/
2024-12-25,Pirates of the Caribbean: Dead Man's Chest,Unknown,https://letterboxd.com/film/pirates-of-the-caribbean-dead-mans-chest/
2024-12-25,Déjà Vu,Unknown,https://letterboxd.com/film/deja-vu/
2024-12-25,Click,Unknown,https://letterboxd.com/film/click/
2024-12-25,Casino Royale,Unknown,https://letterboxd.com/film/casino-royale-2006/
2024-12-25,The Devil Wears Prada,Unknown,https://letterboxd.com/film/the-devil-wears-prada/
2024-12-25,Slither,Unknown,https://letterboxd.com/film/slither/
2024-12-25,Derren Brown: The Heist,Unknown,https://letterboxd.com/film/derren-brown-the-heist/
2024-12-25,Silent Hill,Unknown,https://letterboxd.com/film/silent-hill/
2024-12-25,Cars,Unknown,https://letterboxd.com/film/cars/
2024-12-25,Big Momma's House 2,Unknown,https://letterboxd.com/film/big-mommas-house-2/
2024-12-25,She's the Man,Unknown,https://letterboxd.com/film/shes-the-man/
2024-12-25,Final Destination 3,Unknown,https://letterboxd.com/film/final-destination-3/
2024-12-25,The Da Vinci Code,Unknown,https://letterboxd.com/film/the-da-vinci-code/
2024-12-25,Little Miss Sunshine,Unknown,https://letterboxd.com/film/little-miss-sunshine/
2024-12-25,Flightplan,Unknown,https://letterboxd.com/film/flightplan/
2024-12-25,V for Vendetta,Unknown,https://letterboxd.com/film/v-for-vendetta/
2024-12-25,The Hills Have Eyes,Unknown,https://letterboxd.com/film/the-hills-have-eyes-2006/
2024-12-25,Saw II,Unknown,https://letterboxd.com/film/saw-ii/
2024-12-25,King Kong,Unknown,https://letterboxd.com/film/king-kong-2005/
2024-12-25,Æon Flux,Unknown,https://letterboxd.com/film/on-flux-2005/
2024-12-25,Lords of Dogtown,Unknown,https://letterboxd.com/film/lords-of-dogtown/
2024-12-25,Corpse Bride,Unknown,https://letterboxd.com/film/corpse-bride/
2024-12-25,The Island,Unknown,https://letterboxd.com/film/the-island-2005/
2024-12-25,The Skeleton Key,Unknown,https://letterboxd.com/film/the-skeleton-key/
2024-12-25,The Exorcism of Emily Rose,Unknown,https://letterboxd.com/film/the-exorcism-of-emily-rose/
2024-12-25,Madagascar,Unknown,https://letterboxd.com/film/madagascar/
2024-12-25,House of Wax,Unknown,https://letterboxd.com/film/house-of-wax-2005/
2024-12-25,The Longest Yard,Unknown,https://letterboxd.com/film/the-longest-yard-2005/
2024-12-25,The Illusionist,Unknown,https://letterboxd.com/film/the-illusionist/
2024-12-25,Harry Potter and the Goblet of Fire,Unknown,https://letterboxd.com/film/harry-potter-and-the-goblet-of-fire/
2024-12-25,Hide and Seek,Unknown,https://letterboxd.com/film/hide-and-seek/
2024-12-25,Batman Begins,Unknown,https://letterboxd.com/film/batman-begins/
2024-12-25,A History of Violence,Unknown,https://letterboxd.com/film/a-history-of-violence/
2024-12-25,Mr. & Mrs. Smith,Unknown,https://letterboxd.com/film/mr-mrs-smith-2005/
2024-12-25,Sin City,Unknown,https://letterboxd.com/film/sin-city/
2024-12-25,Grizzly Man,Unknown,https://letterboxd.com/film/grizzly-man/
2024-12-25,The Amityville Horror,Unknown,https://letterboxd.com/film/the-amityville-horror-2005/
2024-12-25,The Ring Two,Unknown,https://letterboxd.com/film/the-ring-two/
2024-12-25,Green Street Hooligans,Unknown,https://letterboxd.com/film/green-street-hooligans/
2024-12-25,Constantine,Unknown,https://letterboxd.com/film/constantine/
2024-12-25,Star Wars: Episode III – Revenge of the Sith,Unknown,https://letterboxd.com/film/star-wars-episode-iii-revenge-of-the-sith/
2024-12-25,Meet the Fockers,Unknown,https://letterboxd.com/film/meet-the-fockers/
2024-12-25,The SpongeBob SquarePants Movie,Unknown,https://letterboxd.com/film/the-spongebob-squarepants-movie/
2024-12-25,Shutter,Unknown,https://letterboxd.com/film/shutter/
2024-12-25,After Yang,Unknown,https://letterboxd.com/film/after-yang/
2024-12-25,The Grudge,Unknown,https://letterboxd.com/film/the-grudge/
2024-12-25,The Incredibles,Unknown,https://letterboxd.com/film/the-incredibles/
2024-12-25,Crash,Unknown,https://letterboxd.com/film/crash-2004/
2024-12-25,AVP: Alien vs. Predator,Unknown,https://letterboxd.com/film/avp-alien-vs-predator/
2024-12-25,Nitram,Unknown,https://letterboxd.com/film/nitram/
2024-12-25,Collateral,Unknown,https://letterboxd.com/film/collateral/
2024-12-25,Anchorman: The Legend of Ron Burgundy,Unknown,https://letterboxd.com/film/anchorman-the-legend-of-ron-burgundy/
2024-12-25,National Treasure,Unknown,https://letterboxd.com/film/national-treasure/
2024-12-25,False Positive,Unknown,https://letterboxd.com/film/false-positive/
2024-12-25,Ocean's Twelve,Unknown,https://letterboxd.com/film/oceans-twelve/
2024-12-25,"I, Robot",Unknown,https://letterboxd.com/film/i-robot/
2024-12-25,The Village,Unknown,https://letterboxd.com/film/the-village/
2024-12-25,Fear Street: 1666,Unknown,https://letterboxd.com/film/fear-street-1666/
2024-12-25,Escape Room: Tournament of Champions,Unknown,https://letterboxd.com/film/escape-room-tournament-of-champions/
2024-12-25,We Need to Do Something,Unknown,https://letterboxd.com/film/we-need-to-do-something/
2024-12-25,Fear Street: 1994,Unknown,https://letterboxd.com/film/fear-street-1994/
2024-12-25,Fear Street: 1978,Unknown,https://letterboxd.com/film/fear-street-1978/
2024-12-25,The Manchurian Candidate,Unknown,https://letterboxd.com/film/the-manchurian-candidate-2004/
2024-12-25,Run,Unknown,https://letterboxd.com/film/run-2020/
2024-12-25,Framing Britney Spears,Unknown,https://letterboxd.com/film/framing-britney-spears/
2024-12-25,The Little Things,Unknown,https://letterboxd.com/film/the-little-things-2021/
2024-12-25,The Phenomenon,Unknown,https://letterboxd.com/film/the-phenomenon/
2024-12-25,Last and First Men,Unknown,https://letterboxd.com/film/last-and-first-men/
2024-12-25,The SpongeBob Movie: Sponge on the Run,Unknown,https://letterboxd.com/film/the-spongebob-movie-sponge-on-the-run/
2024-12-25,I'm Thinking of Ending Things,Unknown,https://letterboxd.com/film/im-thinking-of-ending-things/
2024-12-25,The Stranger,Unknown,https://letterboxd.com/film/the-stranger-2020/
2024-12-25,Hubie Halloween,Unknown,https://letterboxd.com/film/hubie-halloween/
2024-12-25,Horse Girl,Unknown,https://letterboxd.com/film/horse-girl-2020/
2024-12-25,Sonic the Hedgehog,Unknown,https://letterboxd.com/film/sonic-the-hedgehog/
2024-12-25,You Should Have Left,Unknown,https://letterboxd.com/film/you-should-have-left/
2024-12-25,David Attenborough: A Life on Our Planet,Unknown,https://letterboxd.com/film/david-attenborough-a-life-on-our-planet/
2024-12-25,Spider-Man 2,Unknown,https://letterboxd.com/film/spider-man-2/
2024-12-25,The Outsider,Unknown,https://letterboxd.com/film/the-outsider-2020/
2024-12-25,Scoob!,Unknown,https://letterboxd.com/film/scoob/
2024-12-25,Countdown,Unknown,https://letterboxd.com/film/countdown-2019/
2024-12-25,Dark Waters,Unknown,https://letterboxd.com/film/dark-waters-2019/
2024-12-25,The Night House,Unknown,https://letterboxd.com/film/the-night-house/
2024-12-25,Spiral: From the Book of Saw,Unknown,https://letterboxd.com/film/spiral-from-the-book-of-saw/
2024-12-25,Saint Maud,Unknown,https://letterboxd.com/film/saint-maud/
2024-12-25,Fractured,Unknown,https://letterboxd.com/film/fractured-2019/
2024-12-25,Star Wars: The Rise of Skywalker,Unknown,https://letterboxd.com/film/star-wars-the-rise-of-skywalker/
2024-12-25,Ready or Not,Unknown,https://letterboxd.com/film/ready-or-not-2019/
2024-12-25,Invader Zim: Enter the Florpus,Unknown,https://letterboxd.com/film/invader-zim-enter-the-florpus/
2024-12-25,Zombieland: Double Tap,Unknown,https://letterboxd.com/film/zombieland-double-tap/
2024-12-25,Scooby-Doo! Return to Zombie Island,Unknown,https://letterboxd.com/film/scooby-doo-return-to-zombie-island/
2024-12-25,Knives Out,Unknown,https://letterboxd.com/film/knives-out-2019/
2024-12-25,Doctor Sleep,Unknown,https://letterboxd.com/film/doctor-sleep/
2024-12-25,1BR,Unknown,https://letterboxd.com/film/1br/
2024-12-25,Ad Astra,Unknown,https://letterboxd.com/film/ad-astra-2019/
2024-12-25,Joker,Unknown,https://letterboxd.com/film/joker-2019/
2024-12-25,Tell Me Who I Am,Unknown,https://letterboxd.com/film/tell-me-who-i-am/
2024-12-25,Vivarium,Unknown,https://letterboxd.com/film/vivarium/
2024-12-25,Kim Possible,Unknown,https://letterboxd.com/film/kim-possible/
2024-12-25,Midsommar,Unknown,https://letterboxd.com/film/midsommar/
2024-12-25,Light of My Life,Unknown,https://letterboxd.com/film/light-of-my-life/
2024-12-25,The Lodge,Unknown,https://letterboxd.com/film/the-lodge-2019/
2024-12-25,Pet Sematary,Unknown,https://letterboxd.com/film/pet-sematary-2019/
2024-12-25,Us,Unknown,https://letterboxd.com/film/us-2019/
2024-12-25,Derren Brown: Sacrifice,Unknown,https://letterboxd.com/film/derren-brown-sacrifice/
2024-12-25,John Wick: Chapter 3 – Parabellum,Unknown,https://letterboxd.com/film/john-wick-chapter-3-parabellum/
2024-12-25,The Platform,Unknown,https://letterboxd.com/film/the-platform/
2024-12-25,Black Mirror: Bandersnatch,Unknown,https://letterboxd.com/film/black-mirror-bandersnatch/
2024-12-25,Aladdin,Unknown,https://letterboxd.com/film/aladdin-2019/
2024-12-25,Parasite,Unknown,https://letterboxd.com/film/parasite-2019/
2024-12-25,Murder Mystery,Unknown,https://letterboxd.com/film/murder-mystery/
2024-12-25,Fighting with My Family,Unknown,https://letterboxd.com/film/fighting-with-my-family/
2024-12-25,Escape Room,Unknown,https://letterboxd.com/film/escape-room-2019/
2024-12-25,I Am Mother,Unknown,https://letterboxd.com/film/i-am-mother/
2024-12-25,Happy Death Day 2U,Unknown,https://letterboxd.com/film/happy-death-day-2u/
2024-12-25,The Vast of Night,Unknown,https://letterboxd.com/film/the-vast-of-night/
2024-12-25,Hold the Dark,Unknown,https://letterboxd.com/film/hold-the-dark/
2024-12-25,The House with a Clock in Its Walls,Unknown,https://letterboxd.com/film/the-house-with-a-clock-in-its-walls/
2024-12-25,Slender Man,Unknown,https://letterboxd.com/film/slender-man/
2024-12-25,Ready Player One,Unknown,https://letterboxd.com/film/ready-player-one/
2024-12-25,A Simple Favor,Unknown,https://letterboxd.com/film/a-simple-favor/
2024-12-25,The Lighthouse,Unknown,https://letterboxd.com/film/the-lighthouse-2019/
2024-12-25,Under the Silver Lake,Unknown,https://letterboxd.com/film/under-the-silver-lake/
2024-12-25,Bad Times at the El Royale,Unknown,https://letterboxd.com/film/bad-times-at-the-el-royale/
2024-12-25,Suspiria,Unknown,https://letterboxd.com/film/suspiria-2018/
2024-12-25,Tekken,Unknown,https://letterboxd.com/film/tekken/
2024-12-25,A Quiet Place,Unknown,https://letterboxd.com/film/a-quiet-place-2018/
2024-12-25,Toy Story 3,Unknown,https://letterboxd.com/film/toy-story-3/
2024-12-25,The Equalizer 2,Unknown,https://letterboxd.com/film/the-equalizer-2/
2024-12-25,Alice in Wonderland,Unknown,https://letterboxd.com/film/alice-in-wonderland-2010/
2024-12-25,Triangle,Unknown,https://letterboxd.com/film/triangle-2009/
2024-12-25,Shutter Island,Unknown,https://letterboxd.com/film/shutter-island/
2024-12-25,Predators,Unknown,https://letterboxd.com/film/predators/
2024-12-25,Buried,Unknown,https://letterboxd.com/film/buried/
2024-12-25,Incredibles 2,Unknown,https://letterboxd.com/film/incredibles-2/
2024-12-25,Mr. Nobody,Unknown,https://letterboxd.com/film/mr-nobody/
2024-12-25,Exam,Unknown,https://letterboxd.com/film/exam/
2024-12-25,Kick-Ass,Unknown,https://letterboxd.com/film/kick-ass/
2024-12-25,Blue Valentine,Unknown,https://letterboxd.com/film/blue-valentine/
2024-12-25,The Fourth Kind,Unknown,https://letterboxd.com/film/the-fourth-kind/
2024-12-25,Despicable Me,Unknown,https://letterboxd.com/film/despicable-me/
2024-12-25,Animal Kingdom,Unknown,https://letterboxd.com/film/animal-kingdom/
2024-12-25,Sherlock Holmes,Unknown,https://letterboxd.com/film/sherlock-holmes-2009/
2024-12-25,Orphan,Unknown,https://letterboxd.com/film/orphan/
2024-12-25,Zombieland,Unknown,https://letterboxd.com/film/zombieland/
2024-12-25,Upgrade,Unknown,https://letterboxd.com/film/upgrade/
2024-12-25,Avatar,Unknown,https://letterboxd.com/film/avatar/
2024-12-25,The Hangover,Unknown,https://letterboxd.com/film/the-hangover/
2024-12-25,Watchmen,Unknown,https://letterboxd.com/film/watchmen/
2024-12-25,The Final Destination,Unknown,https://letterboxd.com/film/the-final-destination/
2024-12-25,Drag Me to Hell,Unknown,https://letterboxd.com/film/drag-me-to-hell/
2024-12-25,The Butterfly Effect 3: Revelations,Unknown,https://letterboxd.com/film/the-butterfly-effect-3-revelations/
2024-12-25,Angels & Demons,Unknown,https://letterboxd.com/film/angels-demons/
2024-12-25,Moon,Unknown,https://letterboxd.com/film/moon/
2024-12-25,Punisher: War Zone,Unknown,https://letterboxd.com/film/punisher-war-zone/
2024-12-25,Twilight,Unknown,https://letterboxd.com/film/twilight-2008/
2024-12-25,Changeling,Unknown,https://letterboxd.com/film/changeling/
2024-12-25,Shutter,Unknown,https://letterboxd.com/film/shutter-2008/
2024-12-25,Star Trek,Unknown,https://letterboxd.com/film/star-trek/
2024-12-25,The Wrestler,Unknown,https://letterboxd.com/film/the-wrestler/
2024-12-25,Saw V,Unknown,https://letterboxd.com/film/saw-v/
2024-12-25,The Strangers,Unknown,https://letterboxd.com/film/the-strangers/
2024-12-25,Max Payne,Unknown,https://letterboxd.com/film/max-payne/
2024-12-25,Coraline,Unknown,https://letterboxd.com/film/coraline/
2024-12-25,Up,Unknown,https://letterboxd.com/film/up/
2024-12-25,Indiana Jones and the Kingdom of the Crystal Skull,Unknown,https://letterboxd.com/film/indiana-jones-and-the-kingdom-of-the-crystal-skull/
2024-12-25,Tropic Thunder,Unknown,https://letterboxd.com/film/tropic-thunder/
2024-12-25,Burn After Reading,Unknown,https://letterboxd.com/film/burn-after-reading/
2024-12-25,Taken,Unknown,https://letterboxd.com/film/taken/
2024-12-25,The Happening,Unknown,https://letterboxd.com/film/the-happening/
2024-12-25,Mirrors,Unknown,https://letterboxd.com/film/mirrors/
2024-12-25,Iron Man,Unknown,https://letterboxd.com/film/iron-man-2008/
2024-12-25,The Man from Earth,Unknown,https://letterboxd.com/film/the-man-from-earth/
2024-12-25,The Dark Knight,Unknown,https://letterboxd.com/film/the-dark-knight/
2024-12-25,Hairspray,Unknown,https://letterboxd.com/film/hairspray-2007/
2024-12-25,Saw IV,Unknown,https://letterboxd.com/film/saw-iv/
2024-12-25,I Am Legend,Unknown,https://letterboxd.com/film/i-am-legend/
2024-12-25,Sweeney Todd: The Demon Barber of Fleet Street,Unknown,https://letterboxd.com/film/sweeney-todd-the-demon-barber-of-fleet-street-2007/
2024-12-25,Rush Hour 3,Unknown,https://letterboxd.com/film/rush-hour-3/
2024-12-25,Paranormal Activity,Unknown,https://letterboxd.com/film/paranormal-activity/
2024-12-25,The Simpsons Movie,Unknown,https://letterboxd.com/film/the-simpsons-movie/
2024-12-25,The Mist,Unknown,https://letterboxd.com/film/the-mist/
2024-12-25,Juno,Unknown,https://letterboxd.com/film/juno/
2024-12-25,Gone Baby Gone,Unknown,https://letterboxd.com/film/gone-baby-gone/
2024-12-25,Transformers,Unknown,https://letterboxd.com/film/transformers/
2024-12-25,No Country for Old Men,Unknown,https://letterboxd.com/film/no-country-for-old-men/
2024-12-25,Aliens vs Predator: Requiem,Unknown,https://letterboxd.com/film/aliens-vs-predator-requiem/
2024-12-25,Ratatouille,Unknown,https://letterboxd.com/film/ratatouille/
2024-12-25,1408,Unknown,https://letterboxd.com/film/1408/
2024-12-25,The Poughkeepsie Tapes,Unknown,https://letterboxd.com/film/the-poughkeepsie-tapes/
2024-12-25,28 Weeks Later,Unknown,https://letterboxd.com/film/28-weeks-later/
2024-12-25,American Gangster,Unknown,https://letterboxd.com/film/american-gangster/
2024-12-25,Ocean's Thirteen,Unknown,https://letterboxd.com/film/oceans-thirteen/
2024-12-25,Pirates of the Caribbean: At World's End,Unknown,https://letterboxd.com/film/pirates-of-the-caribbean-at-worlds-end/
2024-12-25,Reign Over Me,Unknown,https://letterboxd.com/film/reign-over-me/
2024-12-25,Harry Potter and the Order of the Phoenix,Unknown,https://letterboxd.com/film/harry-potter-and-the-order-of-the-phoenix/
2024-12-25,Disturbia,Unknown,https://letterboxd.com/film/disturbia/
2024-12-25,The Empire Strikes Back,Unknown,https://letterboxd.com/film/the-empire-strikes-back/
2024-12-25,Vacancy,Unknown,https://letterboxd.com/film/vacancy-2007/
2024-12-25,Zodiac,Unknown,https://letterboxd.com/film/zodiac/
2024-12-25,Friday the 13th,Unknown,https://letterboxd.com/film/friday-the-13th/
2024-12-25,The Warriors,Unknown,https://letterboxd.com/film/the-warriors/
2024-12-25,Superbad,Unknown,https://letterboxd.com/film/superbad/
2024-12-25,Hot Fuzz,Unknown,https://letterboxd.com/film/hot-fuzz/
2024-12-25,Mad Max,Unknown,https://letterboxd.com/film/mad-max/
2024-12-25,Rocky II,Unknown,https://letterboxd.com/film/rocky-ii/
2024-12-25,Carrie,Unknown,https://letterboxd.com/film/carrie-1976/
2024-12-25,Rocky,Unknown,https://letterboxd.com/film/rocky/
2024-12-25,Apocalypse Now,Unknown,https://letterboxd.com/film/apocalypse-now/
2024-12-25,Grease,Unknown,https://letterboxd.com/film/grease/
2024-12-25,The Rocky Horror Picture Show,Unknown,https://letterboxd.com/film/the-rocky-horror-picture-show/
2024-12-25,Suspiria,Unknown,https://letterboxd.com/film/suspiria/
2024-12-25,Halloween,Unknown,https://letterboxd.com/film/halloween-1978/
2024-12-25,Taxi Driver,Unknown,https://letterboxd.com/film/taxi-driver/
2024-12-25,One Flew Over the Cuckoo's Nest,Unknown,https://letterboxd.com/film/one-flew-over-the-cuckoos-nest/
2024-12-25,The Omen,Unknown,https://letterboxd.com/film/the-omen/
2024-12-25,F for Fake,Unknown,https://letterboxd.com/film/f-for-fake/
2024-12-25,The Texas Chain Saw Massacre,Unknown,https://letterboxd.com/film/the-texas-chain-saw-massacre/
2024-12-25,Alien,Unknown,https://letterboxd.com/film/alien/
2024-12-25,Star Wars,Unknown,https://letterboxd.com/film/star-wars/
2024-12-25,The Conversation,Unknown,https://letterboxd.com/film/the-conversation/
2024-12-25,A Clockwork Orange,Unknown,https://letterboxd.com/film/a-clockwork-orange/
2024-12-25,The Sound of Music,Unknown,https://letterboxd.com/film/the-sound-of-music/
2024-12-25,The Godfather,Unknown,https://letterboxd.com/film/the-godfather/
2024-12-25,Batman,Unknown,https://letterboxd.com/film/batman-1966/
2024-12-25,Dr. Strangelove or: How I Learned to Stop Worrying and Love the Bomb,Unknown,https://letterboxd.com/film/dr-strangelove-or-how-i-learned-to-stop-worrying-and-love-the-bomb/
2024-12-25,Jaws,Unknown,https://letterboxd.com/film/jaws/
2024-12-25,The Wicker Man,Unknown,https://letterboxd.com/film/the-wicker-man/
2024-12-25,Willy Wonka & the Chocolate Factory,Unknown,https://letterboxd.com/film/willy-wonka-the-chocolate-factory/
2024-12-25,Chinatown,Unknown,https://letterboxd.com/film/chinatown/
2024-12-25,The Exorcist,Unknown,https://letterboxd.com/film/the-exorcist/
2024-12-25,One Hundred and One Dalmatians,Unknown,https://letterboxd.com/film/one-hundred-and-one-dalmatians/
2024-12-25,North by Northwest,Unknown,https://letterboxd.com/film/north-by-northwest/
2024-12-25,Blade,Unknown,https://letterboxd.com/film/blade-1/
2024-12-25,Enter the Dragon,Unknown,https://letterboxd.com/film/enter-the-dragon/
2024-12-25,The Manchurian Candidate,Unknown,https://letterboxd.com/film/the-manchurian-candidate/
2024-12-25,Gaslight,Unknown,https://letterboxd.com/film/gaslight-1944/
2024-12-25,Witness for the Prosecution,Unknown,https://letterboxd.com/film/witness-for-the-prosecution-1957/
2024-12-25,2001: A Space Odyssey,Unknown,https://letterboxd.com/film/2001-a-space-odyssey/
2024-12-25,Vertigo,Unknown,https://letterboxd.com/film/vertigo/
2024-12-25,Derren Brown: Séance,Unknown,https://letterboxd.com/film/derren-brown-seance/
2024-12-25,Citizen Kane,Unknown,https://letterboxd.com/film/citizen-kane/
2024-12-25,Fahrenheit 9/11,Unknown,https://letterboxd.com/film/fahrenheit-9-11/
2024-12-25,White Chicks,Unknown,https://letterboxd.com/film/white-chicks/
2024-12-25,Lady and the Tramp,Unknown,https://letterboxd.com/film/lady-and-the-tramp/
2024-12-25,Planet of the Apes,Unknown,https://letterboxd.com/film/planet-of-the-apes/
2024-12-25,Psycho,Unknown,https://letterboxd.com/film/psycho/
2024-12-25,Mean Girls,Unknown,https://letterboxd.com/film/mean-girls/
2024-12-25,Man on Fire,Unknown,https://letterboxd.com/film/man-on-fire-2004/
2024-12-25,The Wizard of Oz,Unknown,https://letterboxd.com/film/the-wizard-of-oz-1939/
2024-12-25,Alice in Wonderland,Unknown,https://letterboxd.com/film/alice-in-wonderland-1951/
2024-12-25,Rosemary's Baby,Unknown,https://letterboxd.com/film/rosemarys-baby/
2024-12-25,Harold & Kumar Go to White Castle,Unknown,https://letterboxd.com/film/harold-kumar-go-to-white-castle/
2024-12-25,Rear Window,Unknown,https://letterboxd.com/film/rear-window/
2024-12-25,Harry Potter and the Prisoner of Azkaban,Unknown,https://letterboxd.com/film/harry-potter-and-the-prisoner-of-azkaban/
2024-12-25,13 Going on 30,Unknown,https://letterboxd.com/film/13-going-on-30/
2024-12-25,Shrek 2,Unknown,https://letterboxd.com/film/shrek-2/
2024-12-25,The Notebook,Unknown,https://letterboxd.com/film/the-notebook/
2024-12-25,Metallica: Some Kind of Monster,Unknown,https://letterboxd.com/film/metallica-some-kind-of-monster/
2024-12-25,Casablanca,Unknown,https://letterboxd.com/film/casablanca/
2024-12-25,Astronauts Gone Wild: An Investigation Into the Authenticity of the Moon Landings,Unknown,https://letterboxd.com/film/astronauts-gone-wild-an-investigation-into-the-authenticity-of-the-moon-landings/
2024-12-25,Primer,Unknown,https://letterboxd.com/film/primer/
2024-12-25,The Machinist,Unknown,https://letterboxd.com/film/the-machinist/
2024-12-25,Shaun of the Dead,Unknown,https://letterboxd.com/film/shaun-of-the-dead/
2024-12-25,Scooby-Doo 2: Monsters Unleashed,Unknown,https://letterboxd.com/film/scooby-doo-2-monsters-unleashed/
2024-12-25,Honey,Unknown,https://letterboxd.com/film/honey/
2024-12-25,The Haunted Mansion,Unknown,https://letterboxd.com/film/the-haunted-mansion/
2024-12-25,Kill Bill: Vol. 2,Unknown,https://letterboxd.com/film/kill-bill-vol-2/
2024-12-25,The Butterfly Effect,Unknown,https://letterboxd.com/film/the-butterfly-effect/
2024-12-25,Freaky Friday,Unknown,https://letterboxd.com/film/freaky-friday-2003/
2024-12-25,Kill Bill: Vol. 1,Unknown,https://letterboxd.com/film/kill-bill-vol-1/
2024-12-25,Freddy vs. Jason,Unknown,https://letterboxd.com/film/freddy-vs-jason/
2024-12-25,Saw,Unknown,https://letterboxd.com/film/saw/
2024-12-25,2 Fast 2 Furious,Unknown,https://letterboxd.com/film/2-fast-2-furious/
2024-12-25,Underworld,Unknown,https://letterboxd.com/film/underworld-2003/
2024-12-25,Identity,Unknown,https://letterboxd.com/film/identity/
2024-12-25,Big Fish,Unknown,https://letterboxd.com/film/big-fish/
2024-12-25,The Matrix Revolutions,Unknown,https://letterboxd.com/film/the-matrix-revolutions/
2024-12-25,Pirates of the Caribbean: The Curse of the Black Pearl,Unknown,https://letterboxd.com/film/pirates-of-the-caribbean-the-curse-of-the-black-pearl/
2024-12-25,Bruce Almighty,Unknown,https://letterboxd.com/film/bruce-almighty/
2024-12-25,The Matrix Reloaded,Unknown,https://letterboxd.com/film/the-matrix-reloaded/
2024-12-25,Love Actually,Unknown,https://letterboxd.com/film/love-actually/
2024-12-25,The Italian Job,Unknown,https://letterboxd.com/film/the-italian-job-2003/
2024-12-25,Finding Nemo,Unknown,https://letterboxd.com/film/finding-nemo/
2024-12-25,Scooby-Doo Meets Batman,Unknown,https://letterboxd.com/film/scooby-doo-meets-batman/
2024-12-25,Dawn of the Dead,Unknown,https://letterboxd.com/film/dawn-of-the-dead-2004/
2024-12-25,Scooby-Doo,Unknown,https://letterboxd.com/film/scooby-doo/
2024-12-25,Mystic River,Unknown,https://letterboxd.com/film/mystic-river/
2024-12-25,Final Destination 2,Unknown,https://letterboxd.com/film/final-destination-2/
2024-12-25,Harry Potter and the Chamber of Secrets,Unknown,https://letterboxd.com/film/harry-potter-and-the-chamber-of-secrets/
2024-12-25,Phone Booth,Unknown,https://letterboxd.com/film/phone-booth/
2024-12-25,Star Wars: Episode II – Attack of the Clones,Unknown,https://letterboxd.com/film/star-wars-episode-ii-attack-of-the-clones/
2024-12-25,The Ring,Unknown,https://letterboxd.com/film/the-ring-2002/
2024-12-25,Cube 2: Hypercube,Unknown,https://letterboxd.com/film/cube-2-hypercube/
2024-12-25,Men in Black II,Unknown,https://letterboxd.com/film/men-in-black-ii/
2024-12-25,Lilo & Stitch,Unknown,https://letterboxd.com/film/lilo-stitch/
2024-12-25,Red Dragon,Unknown,https://letterboxd.com/film/red-dragon/
2024-12-25,Signs,Unknown,https://letterboxd.com/film/signs/
2024-12-25,Panic Room,Unknown,https://letterboxd.com/film/panic-room/
2024-12-25,28 Days Later,Unknown,https://letterboxd.com/film/28-days-later/
2024-12-25,Ice Age,Unknown,https://letterboxd.com/film/ice-age/
2024-12-25,The Mothman Prophecies,Unknown,https://letterboxd.com/film/the-mothman-prophecies/
2024-12-25,Catch Me If You Can,Unknown,https://letterboxd.com/film/catch-me-if-you-can-2002/
2024-12-25,Black Hawk Down,Unknown,https://letterboxd.com/film/black-hawk-down/
2024-12-25,One Hour Photo,Unknown,https://letterboxd.com/film/one-hour-photo/
2024-12-25,Ocean's Eleven,Unknown,https://letterboxd.com/film/oceans-eleven-2001/
2024-12-25,Insomnia,Unknown,https://letterboxd.com/film/insomnia-2002/
2024-12-25,Vanilla Sky,Unknown,https://letterboxd.com/film/vanilla-sky/
2024-12-25,Resident Evil,Unknown,https://letterboxd.com/film/resident-evil/
2024-12-25,Frailty,Unknown,https://letterboxd.com/film/frailty/
2024-12-25,Spider-Man,Unknown,https://letterboxd.com/film/spider-man/
2024-12-25,Thir13en Ghosts,Unknown,https://letterboxd.com/film/thir13en-ghosts/
2024-12-25,Harry Potter and the Philosopher's Stone,Unknown,https://letterboxd.com/film/harry-potter-and-the-philosophers-stone/
2024-12-25,Zoolander,Unknown,https://letterboxd.com/film/zoolander/
2024-12-25,WWE Crown Jewel: Post-Show,Unknown,https://letterboxd.com/film/wwe-crown-jewel-post-show/
2024-12-25,Rush Hour 2,Unknown,https://letterboxd.com/film/rush-hour-2/
2024-12-25,"Monsters, Inc.",Unknown,https://letterboxd.com/film/monsters-inc/
2024-12-25,Blade II,Unknown,https://letterboxd.com/film/blade-ii/
2024-12-25,Scooby-Doo! and the Cyber Chase,Unknown,https://letterboxd.com/film/scooby-doo-and-the-cyber-chase/
2024-12-25,Countdown to WWE Bad Blood 2024,Unknown,https://letterboxd.com/film/countdown-to-wwe-bad-blood-2024/
2024-12-25,WWE Crown Jewel: Kickoff,Unknown,https://letterboxd.com/film/wwe-crown-jewel-kickoff/
2024-12-25,American Pie 2,Unknown,https://letterboxd.com/film/american-pie-2/
2024-12-25,Don't Say a Word,Unknown,https://letterboxd.com/film/dont-say-a-word/
2024-12-25,Slingshot,Unknown,https://letterboxd.com/film/slingshot-2024/
2024-12-25,Final Destination: Bloodlines,Unknown,https://letterboxd.com/film/final-destination-bloodlines/
2024-12-25,WWE Crown Jewel: Countdown,Unknown,https://letterboxd.com/film/wwe-crown-jewel-countdown/
2024-12-25,The Inheritance,Unknown,https://letterboxd.com/film/the-inheritance-2024/
2024-12-25,Jay and Silent Bob Strike Back,Unknown,https://letterboxd.com/film/jay-and-silent-bob-strike-back/
2024-12-25,Watchmen: Chapter I,Unknown,https://letterboxd.com/film/watchmen-chapter-i/
2024-12-25,Heretic,Unknown,https://letterboxd.com/film/heretic-2024/
2024-12-25,The Mouse Trap,Unknown,https://letterboxd.com/film/the-mouse-trap/
2024-12-25,Joker: Folie à Deux,Unknown,https://letterboxd.com/film/joker-folie-a-deux/
2024-12-25,The 4:30 Movie,Unknown,https://letterboxd.com/film/the-4-30-movie/
2024-12-25,Blink Twice,Unknown,https://letterboxd.com/film/blink-twice/
2024-12-25,Beetlejuice Beetlejuice,Unknown,https://letterboxd.com/film/beetlejuice-beetlejuice/
2024-12-25,MaXXXine,Unknown,https://letterboxd.com/film/maxxxine/
2024-12-25,Despicable Me 4,Unknown,https://letterboxd.com/film/despicable-me-4/
2024-12-25,Oddity,Unknown,https://letterboxd.com/film/oddity-2024/
2024-12-25,Abigail,Unknown,https://letterboxd.com/film/abigail-2024/
2024-12-25,Longlegs,Unknown,https://letterboxd.com/film/longlegs/
2024-12-25,Borderlands,Unknown,https://letterboxd.com/film/borderlands-2024/
2024-12-25,Ricky Stanicky,Unknown,https://letterboxd.com/film/ricky-stanicky/
2024-12-25,Trap,Unknown,https://letterboxd.com/film/trap-2024/
2024-12-25,Super/Man: The Christopher Reeve Story,Unknown,https://letterboxd.com/film/super-man-the-christopher-reeve-story/
2024-12-25,The Iron Claw,Unknown,https://letterboxd.com/film/the-iron-claw-2023/
2024-12-25,I Saw the TV Glow,Unknown,https://letterboxd.com/film/i-saw-the-tv-glow/
2024-12-25,Reptile,Unknown,https://letterboxd.com/film/reptile-2023/
2024-12-25,Leave the World Behind,Unknown,https://letterboxd.com/film/leave-the-world-behind-2023/
2024-12-25,Saw X,Unknown,https://letterboxd.com/film/saw-x/
2024-12-25,New Life,Unknown,https://letterboxd.com/film/new-life-2023-1/
2024-12-25,Barbie,Unknown,https://letterboxd.com/film/barbie/
2024-12-25,Kinds of Kindness,Unknown,https://letterboxd.com/film/kinds-of-kindness/
2024-12-25,The Hunger Games: The Ballad of Songbirds & Snakes,Unknown,https://letterboxd.com/film/the-hunger-games-the-ballad-of-songbirds-snakes/
2024-12-25,There's Something Wrong with the Children,Unknown,https://letterboxd.com/film/theres-something-wrong-with-the-children/
2024-12-25,Bad Boys: Ride or Die,Unknown,https://letterboxd.com/film/bad-boys-ride-or-die/
2024-12-25,Insidious: The Red Door,Unknown,https://letterboxd.com/film/insidious-the-red-door/
2024-12-25,Knock at the Cabin,Unknown,https://letterboxd.com/film/knock-at-the-cabin/
2024-12-25,A Haunting in Venice,Unknown,https://letterboxd.com/film/a-haunting-in-venice/
2024-12-25,The Apology,Unknown,https://letterboxd.com/film/the-apology-2022/
2024-12-25,Infinity Pool,Unknown,https://letterboxd.com/film/infinity-pool/
2024-12-25,Late Night with the Devil,Unknown,https://letterboxd.com/film/late-night-with-the-devil/
2024-12-25,Don't Worry Darling,Unknown,https://letterboxd.com/film/dont-worry-darling/
2024-12-25,Beavis and Butt-Head Do the Universe,Unknown,https://letterboxd.com/film/beavis-and-butt-head-do-the-universe/
2024-12-25,Missing,Unknown,https://letterboxd.com/film/missing-2023/
2024-12-25,The Super Mario Bros. Movie,Unknown,https://letterboxd.com/film/the-super-mario-bros-movie/
2024-12-25,Murder Mystery 2,Unknown,https://letterboxd.com/film/murder-mystery-2/
2024-12-25,Guardians of the Galaxy Vol. 3,Unknown,https://letterboxd.com/film/guardians-of-the-galaxy-vol-3/
2024-12-25,Indiana Jones and the Dial of Destiny,Unknown,https://letterboxd.com/film/indiana-jones-and-the-dial-of-destiny/
2024-12-25,Bodies Bodies Bodies,Unknown,https://letterboxd.com/film/bodies-bodies-bodies/
2024-12-25,Talk to Me,Unknown,https://letterboxd.com/film/talk-to-me-2022/
2024-12-25,Rebel Moon – Part One: A Child of Fire,Unknown,https://letterboxd.com/film/rebel-moon-part-one-a-child-of-fire/
2024-12-25,Beau Is Afraid,Unknown,https://letterboxd.com/film/beau-is-afraid/
2024-12-25,Soft & Quiet,Unknown,https://letterboxd.com/film/soft-quiet/
2024-12-25,It's What's Inside,Unknown,https://letterboxd.com/film/its-whats-inside/
2024-12-25,The Lost City,Unknown,https://letterboxd.com/film/the-lost-city-2022/
2024-12-25,Barbarian,Unknown,https://letterboxd.com/film/barbarian-2022/
2024-12-25,Elvis,Unknown,https://letterboxd.com/film/elvis-2022/
2024-12-25,Death on the Nile,Unknown,https://letterboxd.com/film/death-on-the-nile-2022/
2024-12-25,A Funny Thing Happened on the Way to the Moon,Unknown,https://letterboxd.com/film/a-funny-thing-happened-on-the-way-to-the-moon/
2024-12-25,Jackass Forever,Unknown,https://letterboxd.com/film/jackass-forever/
2024-12-25,Britney vs. Spears,Unknown,https://letterboxd.com/film/britney-vs-spears/
2024-12-25,The Black Phone,Unknown,https://letterboxd.com/film/the-black-phone/
2024-12-25,Speak No Evil,Unknown,https://letterboxd.com/film/speak-no-evil-2022/
2024-12-25,Nope,Unknown,https://letterboxd.com/film/nope/
2024-12-25,Don't Breathe 2,Unknown,https://letterboxd.com/film/dont-breathe-2/
2024-12-25,Uncharted,Unknown,https://letterboxd.com/film/uncharted-2022/
2024-12-25,Session 9,Unknown,https://letterboxd.com/film/session-9/
2024-12-25,Old,Unknown,https://letterboxd.com/film/old-2021/
2024-12-25,Nightmare Alley,Unknown,https://letterboxd.com/film/nightmare-alley-2021/
2024-12-25,The Suicide Squad,Unknown,https://letterboxd.com/film/the-suicide-squad/
2024-12-25,No Time to Die,Unknown,https://letterboxd.com/film/no-time-to-die-2021/
2024-12-25,The Fast and the Furious,Unknown,https://letterboxd.com/film/the-fast-and-the-furious-2001/
2024-12-25,Last Night in Soho,Unknown,https://letterboxd.com/film/last-night-in-soho/
2024-12-25,Jeepers Creepers,Unknown,https://letterboxd.com/film/jeepers-creepers/
2024-12-25,Joe Dirt,Unknown,https://letterboxd.com/film/joe-dirt/
2024-12-25,The Others,Unknown,https://letterboxd.com/film/the-others/
2024-12-25,Glass Onion,Unknown,https://letterboxd.com/film/glass-onion/
2024-12-25,No Exit,Unknown,https://letterboxd.com/film/no-exit-2022/
2024-12-25,Swordfish,Unknown,https://letterboxd.com/film/swordfish/
2024-12-25,Super Troopers,Unknown,https://letterboxd.com/film/super-troopers/
2024-12-25,Batman Beyond: Return of the Joker,Unknown,https://letterboxd.com/film/batman-beyond-return-of-the-joker/
2024-12-25,Along Came a Spider,Unknown,https://letterboxd.com/film/along-came-a-spider/
2024-12-25,"Dude, Where's My Car?",Unknown,https://letterboxd.com/film/dude-wheres-my-car/
2024-12-25,The Pledge,Unknown,https://letterboxd.com/film/the-pledge/
2024-12-25,Shrek,Unknown,https://letterboxd.com/film/shrek/
2024-12-25,Mulholland Drive,Unknown,https://letterboxd.com/film/mulholland-drive/
2024-12-25,Hannibal,Unknown,https://letterboxd.com/film/hannibal/
2024-12-25,The Batman,Unknown,https://letterboxd.com/film/the-batman/
2024-12-25,The Emperor's New Groove,Unknown,https://letterboxd.com/film/the-emperors-new-groove/
2024-12-25,Donnie Darko,Unknown,https://letterboxd.com/film/donnie-darko/
2024-12-25,Road Trip,Unknown,https://letterboxd.com/film/road-trip/
2024-12-25,The Cell,Unknown,https://letterboxd.com/film/the-cell/
2024-12-25,An Extremely Goofy Movie,Unknown,https://letterboxd.com/film/an-extremely-goofy-movie/
2024-12-25,Requiem for a Dream,Unknown,https://letterboxd.com/film/requiem-for-a-dream/
2024-12-25,Gone in Sixty Seconds,Unknown,https://letterboxd.com/film/gone-in-sixty-seconds/
2024-12-25,Final Destination,Unknown,https://letterboxd.com/film/final-destination/
2024-12-25,Chicken Run,Unknown,https://letterboxd.com/film/chicken-run/
2024-12-25,Almost Famous,Unknown,https://letterboxd.com/film/almost-famous/
2024-12-25,Cast Away,Unknown,https://letterboxd.com/film/cast-away/
2024-12-25,The Talented Mr. Ripley,Unknown,https://letterboxd.com/film/the-talented-mr-ripley/
2024-12-25,How the Grinch Stole Christmas,Unknown,https://letterboxd.com/film/how-the-grinch-stole-christmas-2000/
2024-12-25,Magnolia,Unknown,https://letterboxd.com/film/magnolia/
2024-12-25,Hollow Man,Unknown,https://letterboxd.com/film/hollow-man/
2024-12-25,"Girl, Interrupted",Unknown,https://letterboxd.com/film/girl-interrupted/
2024-12-25,The World Is Not Enough,Unknown,https://letterboxd.com/film/the-world-is-not-enough/
2024-12-25,Gladiator,Unknown,https://letterboxd.com/film/gladiator-2000/
2024-12-25,American Psycho,Unknown,https://letterboxd.com/film/american-psycho/
2024-12-25,"Me, Myself & Irene",Unknown,https://letterboxd.com/film/me-myself-irene/
2024-12-25,Scream 3,Unknown,https://letterboxd.com/film/scream-3/
2024-12-25,Double Jeopardy,Unknown,https://letterboxd.com/film/double-jeopardy-1999/
2024-12-25,The Ninth Gate,Unknown,https://letterboxd.com/film/the-ninth-gate/
2024-12-25,The Bone Collector,Unknown,https://letterboxd.com/film/the-bone-collector/
2024-12-25,Toy Story 2,Unknown,https://letterboxd.com/film/toy-story-2/
2024-12-25,American Beauty,Unknown,https://letterboxd.com/film/american-beauty/
2024-12-25,Fight Club,Unknown,https://letterboxd.com/film/fight-club/
2024-12-25,American Pie,Unknown,https://letterboxd.com/film/american-pie/
2024-12-25,The Sixth Sense,Unknown,https://letterboxd.com/film/the-sixth-sense/
2024-12-25,10 Things I Hate About You,Unknown,https://letterboxd.com/film/10-things-i-hate-about-you/
2024-12-25,The Matrix,Unknown,https://letterboxd.com/film/the-matrix/
2024-12-25,Scooby-Doo on Zombie Island,Unknown,https://letterboxd.com/film/scooby-doo-on-zombie-island/
2024-12-25,Eyes Wide Shut,Unknown,https://letterboxd.com/film/eyes-wide-shut/
2024-12-25,Sleepy Hollow,Unknown,https://letterboxd.com/film/sleepy-hollow/
2024-12-25,The Thirteenth Floor,Unknown,https://letterboxd.com/film/the-thirteenth-floor/
2024-12-25,The Blair Witch Project,Unknown,https://letterboxd.com/film/the-blair-witch-project/
2024-12-25,Star Wars: Episode I – The Phantom Menace,Unknown,https://letterboxd.com/film/star-wars-episode-i-the-phantom-menace/
2024-12-25,Run Lola Run,Unknown,https://letterboxd.com/film/run-lola-run/
2024-12-25,The Mummy,Unknown,https://letterboxd.com/film/the-mummy-1999/
2024-12-25,A Bug's Life,Unknown,https://letterboxd.com/film/a-bugs-life/
2024-12-25,Rush Hour,Unknown,https://letterboxd.com/film/rush-hour/
2024-12-25,Wild Things,Unknown,https://letterboxd.com/film/wild-things/
2024-12-25,The Green Mile,Unknown,https://letterboxd.com/film/the-green-mile/
2024-12-25,Tomorrow Never Dies,Unknown,https://letterboxd.com/film/tomorrow-never-dies/
2024-12-25,I Still Know What You Did Last Summer,Unknown,https://letterboxd.com/film/i-still-know-what-you-did-last-summer/
2024-12-25,Scream 2,Unknown,https://letterboxd.com/film/scream-2/
2024-12-25,Mulan,Unknown,https://letterboxd.com/film/mulan/
2024-12-25,Batman & Mr. Freeze: SubZero,Unknown,https://letterboxd.com/film/batman-mr-freeze-subzero/
2024-12-25,Alien Resurrection,Unknown,https://letterboxd.com/film/alien-resurrection/
2024-12-25,The Truman Show,Unknown,https://letterboxd.com/film/the-truman-show/
2024-12-25,Hearts of Darkness: A Filmmaker's Apocalypse,Unknown,https://letterboxd.com/film/hearts-of-darkness-a-filmmakers-apocalypse/
2024-12-25,Blade,Unknown,https://letterboxd.com/film/blade/
2024-12-25,Dark City,Unknown,https://letterboxd.com/film/dark-city-1998/
2024-12-25,Starship Troopers,Unknown,https://letterboxd.com/film/starship-troopers/
2024-12-25,I Know What You Did Last Summer,Unknown,https://letterboxd.com/film/i-know-what-you-did-last-summer/
2024-12-25,Back to the Future Part III,Unknown,https://letterboxd.com/film/back-to-the-future-part-iii/
2024-12-25,Edward Scissorhands,Unknown,https://letterboxd.com/film/edward-scissorhands/
2024-12-25,American History X,Unknown,https://letterboxd.com/film/american-history-x/
2024-12-25,Misery,Unknown,https://letterboxd.com/film/misery/
2024-12-25,Saving Private Ryan,Unknown,https://letterboxd.com/film/saving-private-ryan/
2024-12-25,Pretty Woman,Unknown,https://letterboxd.com/film/pretty-woman/
2024-12-25,Rocky V,Unknown,https://letterboxd.com/film/rocky-v/
2024-12-25,Home Alone,Unknown,https://letterboxd.com/film/home-alone/
2024-12-25,Back to the Future Part II,Unknown,https://letterboxd.com/film/back-to-the-future-part-ii/
2024-12-25,A Nightmare on Elm Street: The Dream Child,Unknown,https://letterboxd.com/film/a-nightmare-on-elm-street-the-dream-child/
2024-12-25,Die Hard 2,Unknown,https://letterboxd.com/film/die-hard-2/
2024-12-25,Jacob's Ladder,Unknown,https://letterboxd.com/film/jacobs-ladder/
2024-12-25,Ghostbusters II,Unknown,https://letterboxd.com/film/ghostbusters-ii/
2024-12-25,Predator 2,Unknown,https://letterboxd.com/film/predator-2/
2024-12-25,Titanic,Unknown,https://letterboxd.com/film/titanic-1997/
2024-12-25,Lethal Weapon 2,Unknown,https://letterboxd.com/film/lethal-weapon-2/
2024-12-25,Total Recall,Unknown,https://letterboxd.com/film/total-recall/
2024-12-25,Scooby-Doo and the Ghoul School,Unknown,https://letterboxd.com/film/scooby-doo-and-the-ghoul-school/
2024-12-25,The Silence of the Lambs,Unknown,https://letterboxd.com/film/the-silence-of-the-lambs/
2024-12-25,Batman,Unknown,https://letterboxd.com/film/batman-1989/
2024-12-25,Who Framed Roger Rabbit,Unknown,https://letterboxd.com/film/who-framed-roger-rabbit/
2024-12-25,Indiana Jones and the Last Crusade,Unknown,https://letterboxd.com/film/indiana-jones-and-the-last-crusade/
2024-12-25,Hellraiser,Unknown,https://letterboxd.com/film/hellraiser/
2024-12-25,A Nightmare on Elm Street 4: The Dream Master,Unknown,https://letterboxd.com/film/a-nightmare-on-elm-street-4-the-dream-master/
2024-12-25,Poltergeist III,Unknown,https://letterboxd.com/film/poltergeist-iii/
2024-12-25,Creepshow 2,Unknown,https://letterboxd.com/film/creepshow-2/
2024-12-25,Bill & Ted's Excellent Adventure,Unknown,https://letterboxd.com/film/bill-teds-excellent-adventure/
2024-12-25,RoboCop,Unknown,https://letterboxd.com/film/robocop/
2024-12-25,They Live,Unknown,https://letterboxd.com/film/they-live/
2024-12-25,"Honey, I Shrunk the Kids",Unknown,https://letterboxd.com/film/honey-i-shrunk-the-kids/
2024-12-25,The Lost Boys,Unknown,https://letterboxd.com/film/the-lost-boys/
2024-12-25,Die Hard,Unknown,https://letterboxd.com/film/die-hard/
2024-12-25,Full Metal Jacket,Unknown,https://letterboxd.com/film/full-metal-jacket/
2024-12-25,The Fly,Unknown,https://letterboxd.com/film/the-fly-1986/
2024-12-25,Evil Dead II,Unknown,https://letterboxd.com/film/evil-dead-ii/
2024-12-25,Beverly Hills Cop II,Unknown,https://letterboxd.com/film/beverly-hills-cop-ii/
2024-12-25,Beetlejuice,Unknown,https://letterboxd.com/film/beetlejuice/
2024-12-25,Lethal Weapon,Unknown,https://letterboxd.com/film/lethal-weapon/
2024-12-25,A Nightmare on Elm Street 3: Dream Warriors,Unknown,https://letterboxd.com/film/a-nightmare-on-elm-street-3-dream-warriors/
2024-12-25,Little Shop of Horrors,Unknown,https://letterboxd.com/film/little-shop-of-horrors/
2024-12-25,Flight of the Navigator,Unknown,https://letterboxd.com/film/flight-of-the-navigator/
2024-12-25,Ferris Bueller's Day Off,Unknown,https://letterboxd.com/film/ferris-buellers-day-off/
2024-12-25,Bloodsport,Unknown,https://letterboxd.com/film/bloodsport/
2024-12-25,Poltergeist II: The Other Side,Unknown,https://letterboxd.com/film/poltergeist-ii-the-other-side/
2024-12-25,A Nightmare on Elm Street Part 2: Freddy's Revenge,Unknown,https://letterboxd.com/film/a-nightmare-on-elm-street-part-2-freddys-revenge/
2024-12-25,Aliens,Unknown,https://letterboxd.com/film/aliens/
2024-12-25,Predator,Unknown,https://letterboxd.com/film/predator/
2024-12-25,Clue,Unknown,https://letterboxd.com/film/clue/
2024-12-25,Beverly Hills Cop,Unknown,https://letterboxd.com/film/beverly-hills-cop/
2024-12-25,Rocky IV,Unknown,https://letterboxd.com/film/rocky-iv-rocky-vs-drago-1985-ultimate-directors/
2024-12-25,Friday the 13th: The Final Chapter,Unknown,https://letterboxd.com/film/friday-the-13th-the-final-chapter/
2024-12-25,The NeverEnding Story,Unknown,https://letterboxd.com/film/the-neverending-story/
2024-12-25,Back to the Future,Unknown,https://letterboxd.com/film/back-to-the-future/
2024-12-25,A Nightmare on Elm Street,Unknown,https://letterboxd.com/film/a-nightmare-on-elm-street/
2024-12-25,The Karate Kid,Unknown,https://letterboxd.com/film/the-karate-kid/
2024-12-25,Rocky III,Unknown,https://letterboxd.com/film/rocky-iii/
2024-12-25,The Thing,Unknown,https://letterboxd.com/film/the-thing/
2024-12-25,Ghostbusters,Unknown,https://letterboxd.com/film/ghostbusters/
2024-12-25,Return of the Jedi,Unknown,https://letterboxd.com/film/return-of-the-jedi/
2024-12-25,Creepshow,Unknown,https://letterboxd.com/film/creepshow/
2024-12-25,Scarface,Unknown,https://letterboxd.com/film/scarface-1983/
2024-12-25,Videodrome,Unknown,https://letterboxd.com/film/videodrome/
2024-12-25,Poltergeist,Unknown,https://letterboxd.com/film/poltergeist/
2024-12-25,The Goonies,Unknown,https://letterboxd.com/film/the-goonies/
2024-12-25,The Terminator,Unknown,https://letterboxd.com/film/the-terminator/
2024-12-25,Raiders of the Lost Ark,Unknown,https://letterboxd.com/film/raiders-of-the-lost-ark/
2024-12-25,Popeye,Unknown,https://letterboxd.com/film/popeye/
2024-12-25,The Evil Dead,Unknown,https://letterboxd.com/film/the-evil-dead/
2024-12-25,Unfriended: Dark Web,Unknown,https://letterboxd.com/film/unfriended-dark-web/
2024-12-25,AC/DC: Let There Be Rock,Unknown,https://letterboxd.com/film/ac-dc-let-there-be-rock/
2024-12-25,Blow Out,Unknown,https://letterboxd.com/film/blow-out/
2024-12-25,Unsane,Unknown,https://letterboxd.com/film/unsane/
2024-12-25,Annihilation,Unknown,https://letterboxd.com/film/annihilation/
2024-12-25,Blade Runner,Unknown,https://letterboxd.com/film/blade-runner/
2024-12-25,Raging Bull,Unknown,https://letterboxd.com/film/raging-bull/
2024-12-25,The Cloverfield Paradox,Unknown,https://letterboxd.com/film/the-cloverfield-paradox/
2024-12-25,Scooby-Doo! & Batman: The Brave and the Bold,Unknown,https://letterboxd.com/film/scooby-doo-batman-the-brave-and-the-bold/
2024-12-25,Searching,Unknown,https://letterboxd.com/film/searching-2018/
2024-12-25,Star Wars: The Last Jedi,Unknown,https://letterboxd.com/film/star-wars-the-last-jedi/
2024-12-25,Jumanji: Welcome to the Jungle,Unknown,https://letterboxd.com/film/jumanji-welcome-to-the-jungle/
2024-12-25,The Shining,Unknown,https://letterboxd.com/film/the-shining/
2024-12-25,Murder on the Orient Express,Unknown,https://letterboxd.com/film/murder-on-the-orient-express-2017/
2024-12-25,Creep 2,Unknown,https://letterboxd.com/film/creep-2/
2024-12-25,Hereditary,Unknown,https://letterboxd.com/film/hereditary/
2024-12-25,E.T. the Extra-Terrestrial,Unknown,https://letterboxd.com/film/et-the-extra-terrestrial/
2024-12-25,Maze Runner: The Death Cure,Unknown,https://letterboxd.com/film/maze-runner-the-death-cure/
2024-12-25,Happy Death Day,Unknown,https://letterboxd.com/film/happy-death-day/
2024-12-25,The Shape of Water,Unknown,https://letterboxd.com/film/the-shape-of-water/
2024-12-25,Pirates of the Caribbean: Dead Men Tell No Tales,Unknown,https://letterboxd.com/film/pirates-of-the-caribbean-dead-men-tell-no-tales/
2024-12-25,The Endless,Unknown,https://letterboxd.com/film/the-endless/
2024-12-25,You Were Never Really Here,Unknown,https://letterboxd.com/film/you-were-never-really-here/
2024-12-25,It,Unknown,https://letterboxd.com/film/it-2017/
2024-12-25,Blade Runner 2049,Unknown,https://letterboxd.com/film/blade-runner-2049/
2024-12-25,Despicable Me 3,Unknown,https://letterboxd.com/film/despicable-me-3/
2024-12-25,Before I Fall,Unknown,https://letterboxd.com/film/before-i-fall/
2024-12-25,Icarus,Unknown,https://letterboxd.com/film/icarus-2017/
2024-12-25,A Ghost Story,Unknown,https://letterboxd.com/film/a-ghost-story-2017/
2024-12-25,John Wick: Chapter 2,Unknown,https://letterboxd.com/film/john-wick-chapter-2/
2024-12-25,mother!,Unknown,https://letterboxd.com/film/mother-2017/
2024-12-25,Wind River,Unknown,https://letterboxd.com/film/wind-river-2017/
2024-12-25,A Cure for Wellness,Unknown,https://letterboxd.com/film/a-cure-for-wellness/
2024-12-25,Coco,Unknown,https://letterboxd.com/film/coco-2017/
2024-12-25,Derren Brown: Miracle,Unknown,https://letterboxd.com/film/derren-brown-miracle/
2024-12-25,Batman: Return of the Caped Crusaders,Unknown,https://letterboxd.com/film/batman-return-of-the-caped-crusaders/
2024-12-25,Rogue One: A Star Wars Story,Unknown,https://letterboxd.com/film/rogue-one-a-star-wars-story/
2024-12-25,Guardians of the Galaxy Vol. 2,Unknown,https://letterboxd.com/film/guardians-of-the-galaxy-vol-2/
2024-12-25,Ouija: Origin of Evil,Unknown,https://letterboxd.com/film/ouija-origin-of-evil/
2024-12-25,Miss Peregrine's Home for Peculiar Children,Unknown,https://letterboxd.com/film/miss-peregrines-home-for-peculiar-children/
2024-12-25,Batman: The Killing Joke,Unknown,https://letterboxd.com/film/batman-the-killing-joke-2016/
2024-12-25,The Lost City of Z,Unknown,https://letterboxd.com/film/the-lost-city-of-z/
2024-12-25,Split,Unknown,https://letterboxd.com/film/split-2016/
2024-12-25,The Autopsy of Jane Doe,Unknown,https://letterboxd.com/film/the-autopsy-of-jane-doe/
2024-12-25,Bad Santa 2,Unknown,https://letterboxd.com/film/bad-santa-2/
2024-12-25,The Rocky Horror Picture Show: Let's Do the Time Warp Again,Unknown,https://letterboxd.com/film/the-rocky-horror-picture-show-lets-do-the-time-warp-again/
2024-12-25,Now You See Me 2,Unknown,https://letterboxd.com/film/now-you-see-me-2/
2024-12-25,Passengers,Unknown,https://letterboxd.com/film/passengers-2016/
2024-12-25,Sing,Unknown,https://letterboxd.com/film/sing-2016/
2024-12-25,Central Intelligence,Unknown,https://letterboxd.com/film/central-intelligence/
2024-12-25,Arrival,Unknown,https://letterboxd.com/film/arrival-2016/
2024-12-25,Get Out,Unknown,https://letterboxd.com/film/get-out-2017/
2024-12-25,Zero Days,Unknown,https://letterboxd.com/film/zero-days/
2024-12-25,The BFG,Unknown,https://letterboxd.com/film/the-bfg-2016/
2024-12-25,Money Monster,Unknown,https://letterboxd.com/film/money-monster/
2024-12-25,Suicide Squad,Unknown,https://letterboxd.com/film/suicide-squad-2016/
2024-12-25,The Conjuring 2,Unknown,https://letterboxd.com/film/the-conjuring-2/
2024-12-25,Neighbors 2: Sorority Rising,Unknown,https://letterboxd.com/film/neighbors-2-sorority-rising/
2024-12-25,Derren Brown: Pushed to the Edge,Unknown,https://letterboxd.com/film/derren-brown-pushed-to-the-edge/
2024-12-25,A Dark Song,Unknown,https://letterboxd.com/film/a-dark-song/
2024-12-25,Zootopia,Unknown,https://letterboxd.com/film/zootopia/
2024-12-25,Swiss Army Man,Unknown,https://letterboxd.com/film/swiss-army-man/
2024-12-25,10 Cloverfield Lane,Unknown,https://letterboxd.com/film/10-cloverfield-lane/
2024-12-25,Don't Breathe,Unknown,https://letterboxd.com/film/dont-breathe-2016/
2024-12-25,Deadpool,Unknown,https://letterboxd.com/film/deadpool/
2024-12-25,Manchester by the Sea,Unknown,https://letterboxd.com/film/manchester-by-the-sea/
2024-12-25,The 5th Wave,Unknown,https://letterboxd.com/film/the-5th-wave/
2024-12-25,Finding Dory,Unknown,https://letterboxd.com/film/finding-dory/
2024-12-25,The Visit,Unknown,https://letterboxd.com/film/the-visit-2015/
2024-12-25,Regression,Unknown,https://letterboxd.com/film/regression/
2024-12-25,Circle,Unknown,https://letterboxd.com/film/circle-2015/
2024-12-25,Maze Runner: The Scorch Trials,Unknown,https://letterboxd.com/film/maze-runner-the-scorch-trials/
2024-12-25,Spectre,Unknown,https://letterboxd.com/film/spectre-2015/
2024-12-25,The Hunger Games: Mockingjay – Part 2,Unknown,https://letterboxd.com/film/the-hunger-games-mockingjay-part-2/
2024-12-25,Star Wars: The Force Awakens,Unknown,https://letterboxd.com/film/star-wars-the-force-awakens/
2024-12-25,The Gift,Unknown,https://letterboxd.com/film/the-gift-2015-1/
2024-12-25,Spotlight,Unknown,https://letterboxd.com/film/spotlight/
2024-12-25,Goosebumps,Unknown,https://letterboxd.com/film/goosebumps/
